model, project      , version, feature          , wall_seconds        , tokens  , cost                , llm_calls
DS   , busybox      , 1.33.1 , CONFIG_ASH       ,  321.411320266081   ,   840156, 0.025160400000000003,        44
DS   , busybox      , 1.33.1 , CONFIG_HUSH      ,  411.059276022017   ,  1365093, 0.03544684499999999 ,        57
DS   , busybox      , 1.34.1 , CONFIG_ASH       ,  307.8163006331306  ,   658577, 0.022305494999999998,        41
DS   , busybox      , 1.34.1 , CONFIG_HUSH      ,  247.5622166490648  ,   460946, 0.02108967          ,        33
DS   , curl         , 7.73.0 , dict             ,  209.4054583502002  ,   670112, 0.023340359999999997,        36
DS   , curl         , 7.73.0 , telnet           ,  253.78779029706493 ,   663904, 0.02090871          ,        43
DS   , curl         , 7.74.0 , dict             , 1153.3262023560237  ,   304836, 0.09065400000000001 ,        31
DS   , curl         , 7.74.0 , telnet           ,  239.23113350197673 ,   520205, 0.018375705000000003,        40
DS   , dnsmasq      , 2.82   , HAVE_LOOP        ,  186.3414928340353  ,   385236, 0.019419269999999995,        31
DS   , dnsmasq      , 2.82   , HAVE_TFTP        ,  220.85711453203112 ,   525527, 0.021260189999999998,        36
DS   , dnsmasq      , 2.83   , HAVE_LOOP        ,  416.7646254010033  ,   430694, 0.019463204999999997,        37
DS   , dnsmasq      , 2.83   , HAVE_TFTP        ,  331.2417701059021  ,   363699, 0.017418269999999996,        29
DS   , dropbear     , 2015.71, FORWARD_TUNNEL   ,  266.2518457840197  ,   558267, 0.019189155         ,        49
DS   , dropbear     , 2015.71, X11FWD           ,  178.52076591388322 ,   331353, 0.015524715000000003,        29
DS   , dropbear     , 2016.72, FORWARD_TUNNEL   ,  196.97307511908002 ,   354565, 0.016348170000000002,        33
DS   , dropbear     , 2016.72, X11FWD           ,  193.21990895294584 ,   374847, 0.017292990000000005,        34
DS   , htslib       , 1.10.2 , bz2              ,  142.1101288930513  ,   337863, 0.013979595000000001,        24
DS   , htslib       , 1.10.2 , libcurl          ,  231.22093744389713 ,   527177, 0.022061894999999998,        44
DS   , htslib       , 1.11   , bz2              ,  249.66150119598024 ,   707738, 0.016396889999999997,        47
DS   , htslib       , 1.11   , libcurl          ,  186.59637619182467 ,   405668, 0.015645645000000003,        36
DS   , libjpeg-turbo, 2.1.4  , arith_enc        ,  146.77659302018583 ,   167444, 0.012872085         ,        24
DS   , libjpeg-turbo, 2.1.4  , simd             ,  302.2938441580627  ,   793230, 0.03425407500000001 ,        43
DS   , libjpeg-turbo, 2.1.5  , arith_enc        ,  180.74919658293948 ,   262979, 0.014886569999999997,        32
DS   , libjpeg-turbo, 2.1.5  , simd             ,  286.8635861398652  ,   844120, 0.031274325000000006,        45
DS   , libtiff      , 4.1.0  , defer-strile-load,  319.65501754311845 ,   948027, 0.024150764999999998,        52
DS   , libtiff      , 4.1.0  , strip-chopping   ,  220.68306638905779 ,   579091, 0.022951904999999998,        35
DS   , libtiff      , 4.2.0  , defer-strile-load,  300.39950499497354 ,   836700, 0.024485279999999995,        53
DS   , libtiff      , 4.2.0  , strip-chopping   ,  232.58713386789896 ,   632749, 0.019564560000000005,        35
DS   , libwebp      , 1.2.3  , near_lossless    ,  129.16070062690414 ,   187552, 0.01211649          ,        23
DS   , libwebp      , 1.2.3  , threading        ,  156.02601768285967 ,   278753, 0.01463079          ,        31
DS   , libwebp      , 1.2.4  , near_lossless    ,  125.01193634909578 ,   192053, 0.012974310000000001,        22
DS   , libwebp      , 1.2.4  , threading        ,  135.20506566599943 ,   196961, 0.012581070000000001,        27
DS   , libxml2      , 2.10.3 , http             ,  316.95175822707824 ,   844115, 0.034151415         ,        40
DS   , libxml2      , 2.10.3 , zlib             ,  281.26560502289794 ,   921936, 0.038913359999999994,        48
DS   , libxml2      , 2.9.14 , http             ,  681.5153755578212  ,   496701, 0.07071969000000002 ,        31
DS   , libxml2      , 2.9.14 , zlib             ,  768.8707634049933  ,   757583, 0.10578373499999999 ,        46
DS   , mbedtls      , 2.6.0  , PKCS1_V21        ,  487.29363634693436 ,   192753, 0.056002335         ,        25
DS   , mbedtls      , 2.6.0  , SHA256_SMALLER   ,  314.5701727941632  ,   130849, 0.030535259999999995,        17
DS   , mbedtls      , 2.7.0  , PKCS1_V21        ,  712.3994595389813  ,   181773, 0.07148094          ,        21
DS   , mbedtls      , 2.7.0  , SHA256_SMALLER   ,  101.39167576981708 ,    37614, 0.012327030000000001,         7
DS   , nginx        , 1.18.0 , http_realip      ,  472.14478055294603 ,    88360, 0.027778665         ,        15
DS   , nginx        , 1.18.0 , http_v2          ,  260.3496693200432  ,   688532, 0.029799675         ,        37
DS   , nginx        , 1.19.10, http_realip      ,  124.39518311293796 ,   164805, 0.011118599999999998,        19
DS   , nginx        , 1.19.10, http_v2          ,  260.6522529821377  ,   724240, 0.02895795          ,        40
DS   , openssl      , 1.0.1f , asm              , 1660.7220674480777  ,  1152196, 0.25640683500000006 ,        43
DS   , openssl      , 1.0.1f , heartbeats       ,  536.3678084989078  ,   146143, 0.04979836499999999 ,        18
DS   , openssl      , 1.0.1g , asm              , 2395.029828133993   ,  1387665, 0.24970696499999995 ,        46
DS   , openssl      , 1.0.1g , heartbeats       , 1182.9346796108875  ,   343395, 0.09155314500000003 ,        34
DS   , pcre2        , 10.39  , jit              , 1635.554392118007   ,  1198701, 0.143667885         ,        49
DS   , pcre2        , 10.39  , unicode          ,  457.9394854491111  ,   516467, 0.022088430000000003,        34
DS   , pcre2        , 10.40  , jit              ,  298.77672738418914 ,   804818, 0.03070926          ,        47
DS   , pcre2        , 10.40  , unicode          ,  291.5128569758963  ,   936469, 0.027065699999999995,        57
DS   , uclibc-ng    , 1.0.40 , HAS_IPV6         ,  184.9571280090604  ,   332901, 0.018194745         ,        28
DS   , uclibc-ng    , 1.0.40 , HAS_REGEX        ,  173.0914252330549  ,   205182, 0.012370965000000001,        29
DS   , uclibc-ng    , 1.0.41 , HAS_IPV6         ,  144.86376883205958 ,   257824, 0.016810139999999998,        23
DS   , uclibc-ng    , 1.0.41 , HAS_REGEX        ,  434.89263594686054 ,   252432, 0.013055654999999998,        31
DS   , wget         , 1.20.3 , digest           ,   91.1592832650058  ,   142183, 0.010663155         ,        16
DS   , wget         , 1.20.3 , ipv6             ,  160.21097689517774 ,   213351, 0.014004824999999999,        28
DS   , wget         , 1.21.4 , digest           ,  122.12619814719073 ,   243147, 0.013494570000000001,        23
DS   , wget         , 1.21.4 , ipv6             ,  147.9189527069684  ,   182796, 0.012133455000000001,        26
GLM  , busybox      , 1.33.1 , CONFIG_ASH       ,  593.8824450459797  ,   554130, 0.2950018           ,        44
GLM  , busybox      , 1.33.1 , CONFIG_HUSH      , 1512.2312738259789  ,  2511846, 1.0617299999999998  ,       123
GLM  , busybox      , 1.34.1 , CONFIG_ASH       ,  419.1592355519533  ,   448742, 0.34750159999999997 ,        44
GLM  , busybox      , 1.34.1 , CONFIG_HUSH      ,  634.314684189856   ,   252180, 0.16267180000000003 ,        31
GLM  , curl         , 7.73.0 , dict             ,  273.7955613459926  ,   254534, 0.20224579999999998 ,        29
GLM  , curl         , 7.73.0 , telnet           ,  648.4179305748548  ,   175264, 0.10739279999999998 ,        31
GLM  , curl         , 7.74.0 , dict             ,  628.7331455470994  ,   179928, 0.2023844           ,        26
GLM  , curl         , 7.74.0 , telnet           ,  647.9011064779479  ,   265908, 0.12150919999999998 ,        33
GLM  , dnsmasq      , 2.82   , HAVE_LOOP        ,   85.41614959505387 ,    45308, 0.047694799999999996,        13
GLM  , dnsmasq      , 2.82   , HAVE_TFTP        ,   93.41024040104821 ,    65763, 0.043905            ,        17
GLM  , dnsmasq      , 2.83   , HAVE_LOOP        ,  106.75408330908976 ,    54937, 0.0484926           ,        14
GLM  , dnsmasq      , 2.83   , HAVE_TFTP        ,   85.80007025017403 ,    76469, 0.0600048           ,        15
GLM  , dropbear     , 2015.71, FORWARD_TUNNEL   ,  243.925889441045   ,   323322, 0.14984160000000005 ,        41
GLM  , dropbear     , 2015.71, X11FWD           ,  187.0324591777753  ,   132855, 0.07467440000000002 ,        25
GLM  , dropbear     , 2016.72, FORWARD_TUNNEL   ,  264.4023786839098  ,   279341, 0.16404999999999997 ,        38
GLM  , dropbear     , 2016.72, X11FWD           ,  210.8812211540062  ,   175339, 0.0822474           ,        29
GLM  , htslib       , 1.10.2 , bz2              ,  182.48873974895105 ,   208039, 0.1509128           ,        27
GLM  , htslib       , 1.10.2 , libcurl          ,  197.87822430185042 ,   127539, 0.082571            ,        22
GLM  , htslib       , 1.11   , bz2              ,  206.83424003608525 ,   352847, 0.2409738           ,        36
GLM  , htslib       , 1.11   , libcurl          ,  126.34326958679594 ,   123212, 0.09161159999999999 ,        19
GLM  , libjpeg-turbo, 2.1.4  , arith_enc        ,  181.6694998049643  ,   149423, 0.0893184           ,        26
GLM  , libjpeg-turbo, 2.1.4  , simd             ,  805.5008568600751  ,  1988423, 0.7186147999999999  ,        96
GLM  , libjpeg-turbo, 2.1.5  , arith_enc        ,  140.0212149899453  ,   148720, 0.06980259999999999 ,        26
GLM  , libjpeg-turbo, 2.1.5  , simd             ,  372.44412937015295 ,   874976, 0.3841210000000001  ,        55
GLM  , libtiff      , 4.1.0  , defer-strile-load,  189.4245071450714  ,   209986, 0.131077            ,        27
GLM  , libtiff      , 4.1.0  , strip-chopping   , 1698.7756116611417  , 10178976, 2.799572399999999   ,       201
GLM  , libtiff      , 4.2.0  , defer-strile-load,  325.14431175915524 ,   350746, 0.234561            ,        44
GLM  , libtiff      , 4.2.0  , strip-chopping   ,  272.621736590052   ,   234173, 0.15719219999999998 ,        30
GLM  , libwebp      , 1.2.3  , near_lossless    ,  129.9503664379008  ,    78587, 0.058044800000000014,        16
GLM  , libwebp      , 1.2.3  , threading        ,  148.34420096804388 ,    94916, 0.05505859999999999 ,        18
GLM  , libwebp      , 1.2.4  , near_lossless    ,  138.03988149086945 ,   101842, 0.087425            ,        15
GLM  , libwebp      , 1.2.4  , threading        ,  212.95564592909068 ,   153560, 0.109412            ,        22
GLM  , libxml2      , 2.10.3 , http             ,  190.84954977687448 ,   213048, 0.19591599999999998 ,        24
GLM  , libxml2      , 2.10.3 , zlib             ,  354.5082894549705  ,   376813, 0.28020900000000004 ,        38
GLM  , libxml2      , 2.9.14 , http             ,  189.52243440411985 ,   115476, 0.07615200000000001 ,        19
GLM  , libxml2      , 2.9.14 , zlib             ,  245.30592839699239 ,   267233, 0.2056262           ,        30
GLM  , mbedtls      , 2.6.0  , PKCS1_V21        ,   82.64991811895743 ,    29344, 0.025764000000000002,         7
GLM  , mbedtls      , 2.6.0  , SHA256_SMALLER   ,   50.60681478609331 ,    26423, 0.0304392           ,         7
GLM  , mbedtls      , 2.7.0  , PKCS1_V21        ,  113.45635515102185 ,    56745, 0.04305060000000001 ,        12
GLM  , mbedtls      , 2.7.0  , SHA256_SMALLER   ,   54.60622857697308 ,    28441, 0.030944399999999997,         7
GLM  , nginx        , 1.18.0 , http_realip      ,  158.12370429118164 ,    64595, 0.0600876           ,        14
GLM  , nginx        , 1.18.0 , http_v2          ,  284.08831330691464 ,   315802, 0.3094766           ,        28
GLM  , nginx        , 1.19.10, http_realip      ,   83.0227465631906  ,    37457, 0.0374214           ,         7
GLM  , nginx        , 1.19.10, http_v2          ,  226.13727800315246 ,   246641, 0.23309019999999997 ,        26
GLM  , openssl      , 1.0.1f , asm              ,  441.8165371720679  ,  1005383, 0.4017185999999999  ,        48
GLM  , openssl      , 1.0.1f , heartbeats       ,  277.82815897185355 ,   188633, 0.1387146           ,        34
GLM  , openssl      , 1.0.1g , asm              ,  334.2089737209026  ,   774169, 0.45939860000000005 ,        35
GLM  , openssl      , 1.0.1g , heartbeats       ,  279.6421992208343  ,   333650, 0.20879479999999997 ,        41
GLM  , pcre2        , 10.39  , jit              ,  293.56544705783017 ,   298164, 0.2590918           ,        37
GLM  , pcre2        , 10.39  , unicode          ,  461.4062928671483  ,  1050535, 0.43092680000000005 ,        72
GLM  , pcre2        , 10.40  , jit              ,  460.4147125999443  ,   990496, 0.49251599999999995 ,        50
GLM  , pcre2        , 10.40  , unicode          ,  376.7914608309511  ,   747480, 0.4948719999999999  ,        48
GLM  , uclibc-ng    , 1.0.40 , HAS_IPV6         ,  140.9257440729998  ,   123005, 0.10865239999999998 ,        20
GLM  , uclibc-ng    , 1.0.40 , HAS_REGEX        ,  480.803625194123   ,   321851, 0.20190560000000002 ,        54
GLM  , uclibc-ng    , 1.0.41 , HAS_IPV6         ,  247.2134660440497  ,   115053, 0.10905399999999998 ,        19
GLM  , uclibc-ng    , 1.0.41 , HAS_REGEX        ,  521.9914580869954  ,   523267, 0.2684982           ,        59
GLM  , wget         , 1.20.3 , digest           ,  138.45162387401797 ,    97230, 0.0922566           ,        14
GLM  , wget         , 1.20.3 , ipv6             ,  320.95215833815746 ,   163393, 0.1312364           ,        29
GLM  , wget         , 1.21.4 , digest           ,   92.38730511302128 ,    69635, 0.0639866           ,        12
GLM  , wget         , 1.21.4 , ipv6             ,  376.6534284478985  ,   257371, 0.17914139999999998 ,        38
GPT  , busybox      , 1.33.1 , CONFIG_ASH       ,  145.77889406005852 ,   207787, 0.460486            ,        18
GPT  , busybox      , 1.33.1 , CONFIG_HUSH      ,  143.2741021651309  ,   192344, 0.42994200000000005 ,        20
GPT  , busybox      , 1.34.1 , CONFIG_ASH       ,  191.12060718191788 ,   250980, 0.6027750000000001  ,        28
GPT  , busybox      , 1.34.1 , CONFIG_HUSH      ,  155.96800880599767 ,   195560, 0.5432690000000001  ,        24
GPT  , curl         , 7.73.0 , dict             ,   87.67757918103598 ,   146644, 0.36488400000000004 ,        17
GPT  , curl         , 7.73.0 , telnet           ,   89.26370039395988 ,   185558, 0.35130700000000004 ,        22
GPT  , curl         , 7.74.0 , dict             ,   86.29953053314239 ,   202212, 0.36629000000000006 ,        21
GPT  , curl         , 7.74.0 , telnet           ,  113.06160557013936 ,   245828, 0.44023200000000007 ,        25
GPT  , dnsmasq      , 2.82   , HAVE_LOOP        ,   76.54749505012296 ,   110360, 0.247072            ,        19
GPT  , dnsmasq      , 2.82   , HAVE_TFTP        ,   86.96267857798375 ,   173783, 0.34710700000000005 ,        21
GPT  , dnsmasq      , 2.83   , HAVE_LOOP        ,   90.37114770617336 ,   128289, 0.2896790000000001  ,        21
GPT  , dnsmasq      , 2.83   , HAVE_TFTP        ,   88.56797579396516 ,   140862, 0.32141300000000006 ,        20
GPT  , dropbear     , 2015.71, FORWARD_TUNNEL   ,  160.72402323107235 ,   304243, 0.509882            ,        30
GPT  , dropbear     , 2015.71, X11FWD           ,   89.57440877798945 ,   188803, 0.37318999999999997 ,        21
GPT  , dropbear     , 2016.72, FORWARD_TUNNEL   ,  171.8443946170155  ,   341744, 0.6354930000000001  ,        33
GPT  , dropbear     , 2016.72, X11FWD           ,  116.58503894601017 ,   206502, 0.3992109999999999  ,        22
GPT  , htslib       , 1.10.2 , bz2              ,   44.86233169096522 ,    55527, 0.21256700000000003 ,         9
GPT  , htslib       , 1.10.2 , libcurl          ,  101.19538250309415 ,   269211, 0.40914400000000006 ,        25
GPT  , htslib       , 1.11   , bz2              ,   48.16980216605589 ,    59331, 0.17585800000000001 ,        10
GPT  , htslib       , 1.11   , libcurl          ,  105.51271177898161 ,   329575, 0.519403            ,        28
GPT  , libjpeg-turbo, 2.1.4  , arith_enc        ,   96.89232539315708 ,   121361, 0.315573            ,        17
GPT  , libjpeg-turbo, 2.1.4  , simd             ,  206.06240127398632 ,   413537, 0.724205            ,        27
GPT  , libjpeg-turbo, 2.1.5  , arith_enc        ,   82.18735404498875 ,    80328, 0.24529400000000004 ,        12
GPT  , libjpeg-turbo, 2.1.5  , simd             ,  251.33961172704585 ,   594074, 0.9348720000000001  ,        37
GPT  , libtiff      , 4.1.0  , defer-strile-load,   54.641923144925386,    67946, 0.18810200000000005 ,         9
GPT  , libtiff      , 4.1.0  , strip-chopping   ,  115.9016050780192  ,   258139, 0.49184600000000006 ,        22
GPT  , libtiff      , 4.2.0  , defer-strile-load,  129.80917006195523 ,   210304, 0.442166            ,        26
GPT  , libtiff      , 4.2.0  , strip-chopping   ,  201.74880944401957 ,   682417, 0.808062            ,        42
GPT  , libwebp      , 1.2.3  , near_lossless    ,   57.46211810503155 ,    93921, 0.254745            ,        11
GPT  , libwebp      , 1.2.3  , threading        ,   66.13156771590002 ,   135181, 0.257814            ,        16
GPT  , libwebp      , 1.2.4  , near_lossless    ,   92.22066389583051 ,   204207, 0.443436            ,        17
GPT  , libwebp      , 1.2.4  , threading        ,   80.15397752006538 ,   160302, 0.341335            ,        18
GPT  , libxml2      , 2.10.3 , http             ,  131.19092977396213 ,   391033, 0.58177             ,        32
GPT  , libxml2      , 2.10.3 , zlib             ,  119.84491284703836 ,   307172, 0.444603            ,        27
GPT  , libxml2      , 2.9.14 , http             ,  183.78653871407732 ,   589795, 0.7163519999999999  ,        42
GPT  , libxml2      , 2.9.14 , zlib             ,  128.02862003305927 ,   385636, 0.5313660000000001  ,        32
GPT  , mbedtls      , 2.6.0  , PKCS1_V21        ,   72.0789137778338  ,    94028, 0.212275            ,        14
GPT  , mbedtls      , 2.6.0  , SHA256_SMALLER   ,   50.29564740206115 ,    53916, 0.146325            ,        10
GPT  , mbedtls      , 2.7.0  , PKCS1_V21        ,   78.55794215807691 ,   101513, 0.281056            ,        15
GPT  , mbedtls      , 2.7.0  , SHA256_SMALLER   ,   50.017323795938864,    34521, 0.143764            ,         7
GPT  , nginx        , 1.18.0 , http_realip      ,   61.14869279996492 ,    74498, 0.215667            ,        14
GPT  , nginx        , 1.18.0 , http_v2          ,  109.71383007406257 ,   112996, 0.313514            ,        16
GPT  , nginx        , 1.19.10, http_realip      ,   95.54756906302646 ,   191263, 0.382574            ,        20
GPT  , nginx        , 1.19.10, http_v2          ,  182.10898084496148 ,   424515, 0.69353             ,        30
GPT  , openssl      , 1.0.1f , asm              ,  195.21900954307057 ,   728894, 0.8567360000000002  ,        39
GPT  , openssl      , 1.0.1f , heartbeats       ,  161.57176893996075 ,   381587, 0.560386            ,        38
GPT  , openssl      , 1.0.1g , asm              ,  184.83139947382733 ,  1200632, 1.1309460000000002  ,        44
GPT  , openssl      , 1.0.1g , heartbeats       ,  138.8544927679468  ,   323439, 0.59668             ,        31
GPT  , pcre2        , 10.39  , jit              ,  163.22756631183438 ,   482865, 0.7057570000000001  ,        34
GPT  , pcre2        , 10.39  , unicode          ,  160.92177853896283 ,   488607, 0.7095230000000001  ,        33
GPT  , pcre2        , 10.40  , jit              ,  194.405372526031   ,   556396, 0.7586979999999999  ,        37
GPT  , pcre2        , 10.40  , unicode          ,  216.06055420916528 ,   646113, 0.7393000000000001  ,        42
GPT  , uclibc-ng    , 1.0.40 , HAS_IPV6         ,  103.44923155498691 ,   227601, 0.4989570000000001  ,        23
GPT  , uclibc-ng    , 1.0.40 , HAS_REGEX        ,  127.81800532503985 ,   152732, 0.33134399999999997 ,        22
GPT  , uclibc-ng    , 1.0.41 , HAS_IPV6         ,   92.650462502148   ,   186614, 0.38752700000000007 ,        19
GPT  , uclibc-ng    , 1.0.41 , HAS_REGEX        ,  131.13076444296166 ,   186315, 0.31729700000000005 ,        24
GPT  , wget         , 1.20.3 , digest           ,   49.1743294170592  ,    51136, 0.165102            ,         8
GPT  , wget         , 1.20.3 , ipv6             ,  191.19278001994826 ,   496197, 0.7099100000000002  ,        41
GPT  , wget         , 1.21.4 , digest           ,   55.06907525216229 ,    71702, 0.20992400000000003 ,        10
GPT  , wget         , 1.21.4 , ipv6             ,  113.77755664405413 ,   233867, 0.36893200000000004 ,        24
MM   , busybox      , 1.33.1 , CONFIG_ASH       ,  225                ,   365506, 0.02                ,        35
MM   , busybox      , 1.33.1 , CONFIG_HUSH      ,  240                ,  1121225, 0.04                ,        53
MM   , busybox      , 1.34.1 , CONFIG_ASH       ,  228                ,   785120, 0.04                ,        50
MM   , busybox      , 1.34.1 , CONFIG_HUSH      ,  235                ,   586775, 0.03                ,        42
MM   , curl         , 7.73.0 , dict             ,  169                ,   277286, 0.02                ,        30
MM   , curl         , 7.73.0 , telnet           ,  178                ,   326376, 0.03                ,        39
MM   , curl         , 7.74.0 , dict             ,  167                ,   405504, 0.02                ,        32
MM   , curl         , 7.74.0 , telnet           ,  147                ,   262187, 0.01                ,        30
MM   , dnsmasq      , 2.82   , HAVE_LOOP        ,  196                ,   346823, 0.02                ,        32
MM   , dnsmasq      , 2.82   , HAVE_TFTP        ,   89                ,    50995, 0.01                ,        12
MM   , dnsmasq      , 2.83   , HAVE_LOOP        ,   55                ,    73922, 0.01                ,        14
MM   , dnsmasq      , 2.83   , HAVE_TFTP        ,  103                ,   171990, 0.02                ,        22
MM   , dropbear     , 2015.71, FORWARD_TUNNEL   ,  302                ,   746868, 0.03                ,        60
MM   , dropbear     , 2015.71, X11FWD           ,  137                ,   204509, 0.01                ,        22
MM   , dropbear     , 2016.72, FORWARD_TUNNEL   ,  362                ,   577509, 0.03                ,        44
MM   , dropbear     , 2016.72, X11FWD           ,  125                ,   474910, 0.03                ,        32
MM   , htslib       , 1.10.2 , bz2              ,  160                ,   310203, 0.02                ,        31
MM   , htslib       , 1.10.2 , libcurl          ,  129                ,   219257, 0.01                ,        24
MM   , htslib       , 1.11   , bz2              ,  179                ,   342023, 0.02                ,        37
MM   , htslib       , 1.11   , libcurl          ,  107                ,   130545, 0.01                ,        16
MM   , libjpeg-turbo, 2.1.4  , arith_enc        ,  153                ,   137893, 0.01                ,        20
MM   , libjpeg-turbo, 2.1.4  , simd             ,  119                ,   132715, 0.01                ,        18
MM   , libjpeg-turbo, 2.1.5  , arith_enc        ,  142                ,   189337, 0.01                ,        23
MM   , libjpeg-turbo, 2.1.5  , simd             ,  159                ,   350502, 0.02                ,        25
MM   , libtiff      , 4.1.0  , defer-strile-load,  210                ,   384299, 0.02                ,        32
MM   , libtiff      , 4.1.0  , strip-chopping   ,  128                ,   149797, 0.01                ,        22
MM   , libtiff      , 4.2.0  , defer-strile-load,  204                ,   341710, 0.02                ,        37
MM   , libtiff      , 4.2.0  , strip-chopping   ,  216                ,   299121, 0.02                ,        32
MM   , libwebp      , 1.2.3  , near_lossless    ,   81                ,    63205, 0.01                ,        11
MM   , libwebp      , 1.2.3  , threading        ,  133                ,   189410, 0.01                ,        23
MM   , libwebp      , 1.2.4  , near_lossless    ,   84                ,    80696, 0.01                ,        12
MM   , libwebp      , 1.2.4  , threading        ,  170                ,   537774, 0.03                ,        39
MM   , libxml2      , 2.10.3 , http             ,  232                ,   421601, 0.02                ,        37
MM   , libxml2      , 2.10.3 , zlib             ,  372                ,   916614, 0.03                ,        63
MM   , libxml2      , 2.9.14 , http             ,  161                ,   317839, 0.02                ,        29
MM   , libxml2      , 2.9.14 , zlib             ,  341                ,  1660466, 0.04                ,        67
MM   , mbedtls      , 2.6.0  , PKCS1_V21        ,   60                ,    41245, 0.01                ,         8
MM   , mbedtls      , 2.6.0  , SHA256_SMALLER   ,   46                ,    31401, 0.01                ,         8
MM   , mbedtls      , 2.7.0  , PKCS1_V21        ,   68                ,    40132, 0.01                ,         8
MM   , mbedtls      , 2.7.0  , SHA256_SMALLER   ,   50                ,    31639, 0.01                ,         7
MM   , nginx        , 1.18.0 , http_realip      ,  152                ,   159786, 0.01                ,        24
MM   , nginx        , 1.18.0 , http_v2          ,  273                ,   314290, 0.03                ,        32
MM   , nginx        , 1.19.10, http_realip      ,  154                ,   427947, 0.03                ,        28
MM   , nginx        , 1.19.10, http_v2          ,  191                ,   247540, 0.02                ,        23
MM   , openssl      , 1.0.1f , asm              ,  565                ,  2774136, 0.05                ,        82
MM   , openssl      , 1.0.1f , heartbeats       ,  235                ,   434784, 0.02                ,        43
MM   , openssl      , 1.0.1g , asm              ,  369                ,  2644478, 0.06                ,        59
MM   , openssl      , 1.0.1g , heartbeats       ,  236                ,   289850, 0.02                ,        31
MM   , pcre2        , 10.39  , jit              ,  250                ,   897297, 0.03                ,        44
MM   , pcre2        , 10.39  , unicode          ,  373                ,  1091392, 0.03                ,        62
MM   , pcre2        , 10.40  , jit              ,  297                ,   763896, 0.03                ,        50
MM   , pcre2        , 10.40  , unicode          ,  499                ,  1482014, 0.04                ,        77
MM   , uclibc-ng    , 1.0.40 , HAS_IPV6         ,  132                ,   117566, 0.02                ,        17
MM   , uclibc-ng    , 1.0.40 , HAS_REGEX        ,  212                ,   694615, 0.04                ,        57
MM   , uclibc-ng    , 1.0.41 , HAS_IPV6         ,  109                ,   101887, 0.01                ,        15
MM   , uclibc-ng    , 1.0.41 , HAS_REGEX        ,  239                ,   498476, 0.02                ,        48
MM   , wget         , 1.20.3 , digest           ,   56                ,    45755, 0.01                ,         9
MM   , wget         , 1.20.3 , ipv6             ,  171                ,   189495, 0.02                ,        28
MM   , wget         , 1.21.4 , digest           ,   66                ,    84511, 0.01                ,        11
MM   , wget         , 1.21.4 , ipv6             ,  267                ,   691394, 0.03                ,        48
