model, stage, project      , version, feature          , mean_wall_s, median_wall_s, min_wall_s, max_wall_s, mean_tokens, median_tokens, min_tokens, max_tokens
DS   ,     1, busybox      , 1.33.1 , CONFIG_ASH       ,      321.41,        321.41,     321.41,     321.41,    840156.0,      840156.0,     840156,     840156
DS   ,     1, busybox      , 1.33.1 , CONFIG_HUSH      ,      411.06,        411.06,     411.06,     411.06,   1365093.0,     1365093.0,    1365093,    1365093
DS   ,     1, busybox      , 1.34.1 , CONFIG_ASH       ,      307.82,        307.82,     307.82,     307.82,    658577.0,      658577.0,     658577,     658577
DS   ,     1, busybox      , 1.34.1 , CONFIG_HUSH      ,      247.56,        247.56,     247.56,     247.56,    460946.0,      460946.0,     460946,     460946
DS   ,     1, curl         , 7.73.0 , dict             ,      209.41,        209.41,     209.41,     209.41,    670112.0,      670112.0,     670112,     670112
DS   ,     1, curl         , 7.73.0 , telnet           ,      253.79,        253.79,     253.79,     253.79,    663904.0,      663904.0,     663904,     663904
DS   ,     1, curl         , 7.74.0 , dict             ,     1153.33,       1153.33,    1153.33,    1153.33,    304836.0,      304836.0,     304836,     304836
DS   ,     1, curl         , 7.74.0 , telnet           ,      239.23,        239.23,     239.23,     239.23,    520205.0,      520205.0,     520205,     520205
DS   ,     1, dnsmasq      , 2.82   , HAVE_LOOP        ,      186.34,        186.34,     186.34,     186.34,    385236.0,      385236.0,     385236,     385236
DS   ,     1, dnsmasq      , 2.82   , HAVE_TFTP        ,      220.86,        220.86,     220.86,     220.86,    525527.0,      525527.0,     525527,     525527
DS   ,     1, dnsmasq      , 2.83   , HAVE_LOOP        ,      416.76,        416.76,     416.76,     416.76,    430694.0,      430694.0,     430694,     430694
DS   ,     1, dnsmasq      , 2.83   , HAVE_TFTP        ,      331.24,        331.24,     331.24,     331.24,    363699.0,      363699.0,     363699,     363699
DS   ,     1, dropbear     , 2015.71, FORWARD_TUNNEL   ,      266.25,        266.25,     266.25,     266.25,    558267.0,      558267.0,     558267,     558267
DS   ,     1, dropbear     , 2015.71, X11FWD           ,      178.52,        178.52,     178.52,     178.52,    331353.0,      331353.0,     331353,     331353
DS   ,     1, dropbear     , 2016.72, FORWARD_TUNNEL   ,      196.97,        196.97,     196.97,     196.97,    354565.0,      354565.0,     354565,     354565
DS   ,     1, dropbear     , 2016.72, X11FWD           ,      193.22,        193.22,     193.22,     193.22,    374847.0,      374847.0,     374847,     374847
DS   ,     1, htslib       , 1.10.2 , bz2              ,      142.11,        142.11,     142.11,     142.11,    337863.0,      337863.0,     337863,     337863
DS   ,     1, htslib       , 1.10.2 , libcurl          ,      231.22,        231.22,     231.22,     231.22,    527177.0,      527177.0,     527177,     527177
DS   ,     1, htslib       , 1.11   , bz2              ,      249.66,        249.66,     249.66,     249.66,    707738.0,      707738.0,     707738,     707738
DS   ,     1, htslib       , 1.11   , libcurl          ,      186.60,        186.60,     186.60,     186.60,    405668.0,      405668.0,     405668,     405668
DS   ,     1, libjpeg-turbo, 2.1.4  , arith_enc        ,      146.78,        146.78,     146.78,     146.78,    167444.0,      167444.0,     167444,     167444
DS   ,     1, libjpeg-turbo, 2.1.4  , simd             ,      302.29,        302.29,     302.29,     302.29,    793230.0,      793230.0,     793230,     793230
DS   ,     1, libjpeg-turbo, 2.1.5  , arith_enc        ,      180.75,        180.75,     180.75,     180.75,    262979.0,      262979.0,     262979,     262979
DS   ,     1, libjpeg-turbo, 2.1.5  , simd             ,      286.86,        286.86,     286.86,     286.86,    844120.0,      844120.0,     844120,     844120
DS   ,     1, libtiff      , 4.1.0  , defer-strile-load,      319.66,        319.66,     319.66,     319.66,    948027.0,      948027.0,     948027,     948027
DS   ,     1, libtiff      , 4.1.0  , strip-chopping   ,      220.68,        220.68,     220.68,     220.68,    579091.0,      579091.0,     579091,     579091
DS   ,     1, libtiff      , 4.2.0  , defer-strile-load,      300.40,        300.40,     300.40,     300.40,    836700.0,      836700.0,     836700,     836700
DS   ,     1, libtiff      , 4.2.0  , strip-chopping   ,      232.59,        232.59,     232.59,     232.59,    632749.0,      632749.0,     632749,     632749
DS   ,     1, libwebp      , 1.2.3  , near_lossless    ,      129.16,        129.16,     129.16,     129.16,    187552.0,      187552.0,     187552,     187552
DS   ,     1, libwebp      , 1.2.3  , threading        ,      156.03,        156.03,     156.03,     156.03,    278753.0,      278753.0,     278753,     278753
DS   ,     1, libwebp      , 1.2.4  , near_lossless    ,      125.01,        125.01,     125.01,     125.01,    192053.0,      192053.0,     192053,     192053
DS   ,     1, libwebp      , 1.2.4  , threading        ,      135.21,        135.21,     135.21,     135.21,    196961.0,      196961.0,     196961,     196961
DS   ,     1, libxml2      , 2.10.3 , http             ,      316.95,        316.95,     316.95,     316.95,    844115.0,      844115.0,     844115,     844115
DS   ,     1, libxml2      , 2.10.3 , zlib             ,      281.27,        281.27,     281.27,     281.27,    921936.0,      921936.0,     921936,     921936
DS   ,     1, libxml2      , 2.9.14 , http             ,      681.52,        681.52,     681.52,     681.52,    496701.0,      496701.0,     496701,     496701
DS   ,     1, libxml2      , 2.9.14 , zlib             ,      768.87,        768.87,     768.87,     768.87,    757583.0,      757583.0,     757583,     757583
DS   ,     1, mbedtls      , 2.6.0  , PKCS1_V21        ,      487.29,        487.29,     487.29,     487.29,    192753.0,      192753.0,     192753,     192753
DS   ,     1, mbedtls      , 2.6.0  , SHA256_SMALLER   ,      314.57,        314.57,     314.57,     314.57,    130849.0,      130849.0,     130849,     130849
DS   ,     1, mbedtls      , 2.7.0  , PKCS1_V21        ,      712.40,        712.40,     712.40,     712.40,    181773.0,      181773.0,     181773,     181773
DS   ,     1, mbedtls      , 2.7.0  , SHA256_SMALLER   ,      101.39,        101.39,     101.39,     101.39,     37614.0,       37614.0,      37614,      37614
DS   ,     1, nginx        , 1.18.0 , http_realip      ,      472.14,        472.14,     472.14,     472.14,     88360.0,       88360.0,      88360,      88360
DS   ,     1, nginx        , 1.18.0 , http_v2          ,      260.35,        260.35,     260.35,     260.35,    688532.0,      688532.0,     688532,     688532
DS   ,     1, nginx        , 1.19.10, http_realip      ,      124.40,        124.40,     124.40,     124.40,    164805.0,      164805.0,     164805,     164805
DS   ,     1, nginx        , 1.19.10, http_v2          ,      260.65,        260.65,     260.65,     260.65,    724240.0,      724240.0,     724240,     724240
DS   ,     1, openssl      , 1.0.1f , asm              ,     1660.72,       1660.72,    1660.72,    1660.72,   1152196.0,     1152196.0,    1152196,    1152196
DS   ,     1, openssl      , 1.0.1f , heartbeats       ,      536.37,        536.37,     536.37,     536.37,    146143.0,      146143.0,     146143,     146143
DS   ,     1, openssl      , 1.0.1g , asm              ,     2395.03,       2395.03,    2395.03,    2395.03,   1387665.0,     1387665.0,    1387665,    1387665
DS   ,     1, openssl      , 1.0.1g , heartbeats       ,     1182.93,       1182.93,    1182.93,    1182.93,    343395.0,      343395.0,     343395,     343395
DS   ,     1, pcre2        , 10.39  , jit              ,     1635.55,       1635.55,    1635.55,    1635.55,   1198701.0,     1198701.0,    1198701,    1198701
DS   ,     1, pcre2        , 10.39  , unicode          ,      457.94,        457.94,     457.94,     457.94,    516467.0,      516467.0,     516467,     516467
DS   ,     1, pcre2        , 10.40  , jit              ,      298.78,        298.78,     298.78,     298.78,    804818.0,      804818.0,     804818,     804818
DS   ,     1, pcre2        , 10.40  , unicode          ,      291.51,        291.51,     291.51,     291.51,    936469.0,      936469.0,     936469,     936469
DS   ,     1, uclibc-ng    , 1.0.40 , HAS_IPV6         ,      184.96,        184.96,     184.96,     184.96,    332901.0,      332901.0,     332901,     332901
DS   ,     1, uclibc-ng    , 1.0.40 , HAS_REGEX        ,      173.09,        173.09,     173.09,     173.09,    205182.0,      205182.0,     205182,     205182
DS   ,     1, uclibc-ng    , 1.0.41 , HAS_IPV6         ,      144.86,        144.86,     144.86,     144.86,    257824.0,      257824.0,     257824,     257824
DS   ,     1, uclibc-ng    , 1.0.41 , HAS_REGEX        ,      434.89,        434.89,     434.89,     434.89,    252432.0,      252432.0,     252432,     252432
DS   ,     1, wget         , 1.20.3 , digest           ,       91.16,         91.16,      91.16,      91.16,    142183.0,      142183.0,     142183,     142183
DS   ,     1, wget         , 1.20.3 , ipv6             ,      160.21,        160.21,     160.21,     160.21,    213351.0,      213351.0,     213351,     213351
DS   ,     1, wget         , 1.21.4 , digest           ,      122.13,        122.13,     122.13,     122.13,    243147.0,      243147.0,     243147,     243147
DS   ,     1, wget         , 1.21.4 , ipv6             ,      147.92,        147.92,     147.92,     147.92,    182796.0,      182796.0,     182796,     182796
GLM  ,     1, busybox      , 1.33.1 , CONFIG_ASH       ,      593.88,        593.88,     593.88,     593.88,    554130.0,      554130.0,     554130,     554130
GLM  ,     1, busybox      , 1.33.1 , CONFIG_HUSH      ,     1512.23,       1512.23,    1512.23,    1512.23,   2511846.0,     2511846.0,    2511846,    2511846
GLM  ,     1, busybox      , 1.34.1 , CONFIG_ASH       ,      419.16,        419.16,     419.16,     419.16,    448742.0,      448742.0,     448742,     448742
GLM  ,     1, busybox      , 1.34.1 , CONFIG_HUSH      ,      634.31,        634.31,     634.31,     634.31,    252180.0,      252180.0,     252180,     252180
GLM  ,     1, curl         , 7.73.0 , dict             ,      273.80,        273.80,     273.80,     273.80,    254534.0,      254534.0,     254534,     254534
GLM  ,     1, curl         , 7.73.0 , telnet           ,      648.42,        648.42,     648.42,     648.42,    175264.0,      175264.0,     175264,     175264
GLM  ,     1, curl         , 7.74.0 , dict             ,      628.73,        628.73,     628.73,     628.73,    179928.0,      179928.0,     179928,     179928
GLM  ,     1, curl         , 7.74.0 , telnet           ,      647.90,        647.90,     647.90,     647.90,    265908.0,      265908.0,     265908,     265908
GLM  ,     1, dnsmasq      , 2.82   , HAVE_LOOP        ,       85.42,         85.42,      85.42,      85.42,     45308.0,       45308.0,      45308,      45308
GLM  ,     1, dnsmasq      , 2.82   , HAVE_TFTP        ,       93.41,         93.41,      93.41,      93.41,     65763.0,       65763.0,      65763,      65763
GLM  ,     1, dnsmasq      , 2.83   , HAVE_LOOP        ,      106.75,        106.75,     106.75,     106.75,     54937.0,       54937.0,      54937,      54937
GLM  ,     1, dnsmasq      , 2.83   , HAVE_TFTP        ,       85.80,         85.80,      85.80,      85.80,     76469.0,       76469.0,      76469,      76469
GLM  ,     1, dropbear     , 2015.71, FORWARD_TUNNEL   ,      243.93,        243.93,     243.93,     243.93,    323322.0,      323322.0,     323322,     323322
GLM  ,     1, dropbear     , 2015.71, X11FWD           ,      187.03,        187.03,     187.03,     187.03,    132855.0,      132855.0,     132855,     132855
GLM  ,     1, dropbear     , 2016.72, FORWARD_TUNNEL   ,      264.40,        264.40,     264.40,     264.40,    279341.0,      279341.0,     279341,     279341
GLM  ,     1, dropbear     , 2016.72, X11FWD           ,      210.88,        210.88,     210.88,     210.88,    175339.0,      175339.0,     175339,     175339
GLM  ,     1, htslib       , 1.10.2 , bz2              ,      182.49,        182.49,     182.49,     182.49,    208039.0,      208039.0,     208039,     208039
GLM  ,     1, htslib       , 1.10.2 , libcurl          ,      197.88,        197.88,     197.88,     197.88,    127539.0,      127539.0,     127539,     127539
GLM  ,     1, htslib       , 1.11   , bz2              ,      206.83,        206.83,     206.83,     206.83,    352847.0,      352847.0,     352847,     352847
GLM  ,     1, htslib       , 1.11   , libcurl          ,      126.34,        126.34,     126.34,     126.34,    123212.0,      123212.0,     123212,     123212
GLM  ,     1, libjpeg-turbo, 2.1.4  , arith_enc        ,      181.67,        181.67,     181.67,     181.67,    149423.0,      149423.0,     149423,     149423
GLM  ,     1, libjpeg-turbo, 2.1.4  , simd             ,      805.50,        805.50,     805.50,     805.50,   1988423.0,     1988423.0,    1988423,    1988423
GLM  ,     1, libjpeg-turbo, 2.1.5  , arith_enc        ,      140.02,        140.02,     140.02,     140.02,    148720.0,      148720.0,     148720,     148720
GLM  ,     1, libjpeg-turbo, 2.1.5  , simd             ,      372.44,        372.44,     372.44,     372.44,    874976.0,      874976.0,     874976,     874976
GLM  ,     1, libtiff      , 4.1.0  , defer-strile-load,      189.42,        189.42,     189.42,     189.42,    209986.0,      209986.0,     209986,     209986
GLM  ,     1, libtiff      , 4.1.0  , strip-chopping   ,     1698.78,       1698.78,    1698.78,    1698.78,  10178976.0,    10178976.0,   10178976,   10178976
GLM  ,     1, libtiff      , 4.2.0  , defer-strile-load,      325.14,        325.14,     325.14,     325.14,    350746.0,      350746.0,     350746,     350746
GLM  ,     1, libtiff      , 4.2.0  , strip-chopping   ,      272.62,        272.62,     272.62,     272.62,    234173.0,      234173.0,     234173,     234173
GLM  ,     1, libwebp      , 1.2.3  , near_lossless    ,      129.95,        129.95,     129.95,     129.95,     78587.0,       78587.0,      78587,      78587
GLM  ,     1, libwebp      , 1.2.3  , threading        ,      148.34,        148.34,     148.34,     148.34,     94916.0,       94916.0,      94916,      94916
GLM  ,     1, libwebp      , 1.2.4  , near_lossless    ,      138.04,        138.04,     138.04,     138.04,    101842.0,      101842.0,     101842,     101842
GLM  ,     1, libwebp      , 1.2.4  , threading        ,      212.96,        212.96,     212.96,     212.96,    153560.0,      153560.0,     153560,     153560
GLM  ,     1, libxml2      , 2.10.3 , http             ,      190.85,        190.85,     190.85,     190.85,    213048.0,      213048.0,     213048,     213048
GLM  ,     1, libxml2      , 2.10.3 , zlib             ,      354.51,        354.51,     354.51,     354.51,    376813.0,      376813.0,     376813,     376813
GLM  ,     1, libxml2      , 2.9.14 , http             ,      189.52,        189.52,     189.52,     189.52,    115476.0,      115476.0,     115476,     115476
GLM  ,     1, libxml2      , 2.9.14 , zlib             ,      245.31,        245.31,     245.31,     245.31,    267233.0,      267233.0,     267233,     267233
GLM  ,     1, mbedtls      , 2.6.0  , PKCS1_V21        ,       82.65,         82.65,      82.65,      82.65,     29344.0,       29344.0,      29344,      29344
GLM  ,     1, mbedtls      , 2.6.0  , SHA256_SMALLER   ,       50.61,         50.61,      50.61,      50.61,     26423.0,       26423.0,      26423,      26423
GLM  ,     1, mbedtls      , 2.7.0  , PKCS1_V21        ,      113.46,        113.46,     113.46,     113.46,     56745.0,       56745.0,      56745,      56745
GLM  ,     1, mbedtls      , 2.7.0  , SHA256_SMALLER   ,       54.61,         54.61,      54.61,      54.61,     28441.0,       28441.0,      28441,      28441
GLM  ,     1, nginx        , 1.18.0 , http_realip      ,      158.12,        158.12,     158.12,     158.12,     64595.0,       64595.0,      64595,      64595
GLM  ,     1, nginx        , 1.18.0 , http_v2          ,      284.09,        284.09,     284.09,     284.09,    315802.0,      315802.0,     315802,     315802
GLM  ,     1, nginx        , 1.19.10, http_realip      ,       83.02,         83.02,      83.02,      83.02,     37457.0,       37457.0,      37457,      37457
GLM  ,     1, nginx        , 1.19.10, http_v2          ,      226.14,        226.14,     226.14,     226.14,    246641.0,      246641.0,     246641,     246641
GLM  ,     1, openssl      , 1.0.1f , asm              ,      441.82,        441.82,     441.82,     441.82,   1005383.0,     1005383.0,    1005383,    1005383
GLM  ,     1, openssl      , 1.0.1f , heartbeats       ,      277.83,        277.83,     277.83,     277.83,    188633.0,      188633.0,     188633,     188633
GLM  ,     1, openssl      , 1.0.1g , asm              ,      334.21,        334.21,     334.21,     334.21,    774169.0,      774169.0,     774169,     774169
GLM  ,     1, openssl      , 1.0.1g , heartbeats       ,      279.64,        279.64,     279.64,     279.64,    333650.0,      333650.0,     333650,     333650
GLM  ,     1, pcre2        , 10.39  , jit              ,      293.57,        293.57,     293.57,     293.57,    298164.0,      298164.0,     298164,     298164
GLM  ,     1, pcre2        , 10.39  , unicode          ,      461.41,        461.41,     461.41,     461.41,   1050535.0,     1050535.0,    1050535,    1050535
GLM  ,     1, pcre2        , 10.40  , jit              ,      460.41,        460.41,     460.41,     460.41,    990496.0,      990496.0,     990496,     990496
GLM  ,     1, pcre2        , 10.40  , unicode          ,      376.79,        376.79,     376.79,     376.79,    747480.0,      747480.0,     747480,     747480
GLM  ,     1, uclibc-ng    , 1.0.40 , HAS_IPV6         ,      140.93,        140.93,     140.93,     140.93,    123005.0,      123005.0,     123005,     123005
GLM  ,     1, uclibc-ng    , 1.0.40 , HAS_REGEX        ,      480.80,        480.80,     480.80,     480.80,    321851.0,      321851.0,     321851,     321851
GLM  ,     1, uclibc-ng    , 1.0.41 , HAS_IPV6         ,      247.21,        247.21,     247.21,     247.21,    115053.0,      115053.0,     115053,     115053
GLM  ,     1, uclibc-ng    , 1.0.41 , HAS_REGEX        ,      521.99,        521.99,     521.99,     521.99,    523267.0,      523267.0,     523267,     523267
GLM  ,     1, wget         , 1.20.3 , digest           ,      138.45,        138.45,     138.45,     138.45,     97230.0,       97230.0,      97230,      97230
GLM  ,     1, wget         , 1.20.3 , ipv6             ,      320.95,        320.95,     320.95,     320.95,    163393.0,      163393.0,     163393,     163393
GLM  ,     1, wget         , 1.21.4 , digest           ,       92.39,         92.39,      92.39,      92.39,     69635.0,       69635.0,      69635,      69635
GLM  ,     1, wget         , 1.21.4 , ipv6             ,      376.65,        376.65,     376.65,     376.65,    257371.0,      257371.0,     257371,     257371
GPT  ,     1, busybox      , 1.33.1 , CONFIG_ASH       ,      145.78,        145.78,     145.78,     145.78,    207787.0,      207787.0,     207787,     207787
GPT  ,     1, busybox      , 1.33.1 , CONFIG_HUSH      ,      143.27,        143.27,     143.27,     143.27,    192344.0,      192344.0,     192344,     192344
GPT  ,     1, busybox      , 1.34.1 , CONFIG_ASH       ,      191.12,        191.12,     191.12,     191.12,    250980.0,      250980.0,     250980,     250980
GPT  ,     1, busybox      , 1.34.1 , CONFIG_HUSH      ,      155.97,        155.97,     155.97,     155.97,    195560.0,      195560.0,     195560,     195560
GPT  ,     1, curl         , 7.73.0 , dict             ,       87.68,         87.68,      87.68,      87.68,    146644.0,      146644.0,     146644,     146644
GPT  ,     1, curl         , 7.73.0 , telnet           ,       89.26,         89.26,      89.26,      89.26,    185558.0,      185558.0,     185558,     185558
GPT  ,     1, curl         , 7.74.0 , dict             ,       86.30,         86.30,      86.30,      86.30,    202212.0,      202212.0,     202212,     202212
GPT  ,     1, curl         , 7.74.0 , telnet           ,      113.06,        113.06,     113.06,     113.06,    245828.0,      245828.0,     245828,     245828
GPT  ,     1, dnsmasq      , 2.82   , HAVE_LOOP        ,       76.55,         76.55,      76.55,      76.55,    110360.0,      110360.0,     110360,     110360
GPT  ,     1, dnsmasq      , 2.82   , HAVE_TFTP        ,       86.96,         86.96,      86.96,      86.96,    173783.0,      173783.0,     173783,     173783
GPT  ,     1, dnsmasq      , 2.83   , HAVE_LOOP        ,       90.37,         90.37,      90.37,      90.37,    128289.0,      128289.0,     128289,     128289
GPT  ,     1, dnsmasq      , 2.83   , HAVE_TFTP        ,       88.57,         88.57,      88.57,      88.57,    140862.0,      140862.0,     140862,     140862
GPT  ,     1, dropbear     , 2015.71, FORWARD_TUNNEL   ,      160.72,        160.72,     160.72,     160.72,    304243.0,      304243.0,     304243,     304243
GPT  ,     1, dropbear     , 2015.71, X11FWD           ,       89.57,         89.57,      89.57,      89.57,    188803.0,      188803.0,     188803,     188803
GPT  ,     1, dropbear     , 2016.72, FORWARD_TUNNEL   ,      171.84,        171.84,     171.84,     171.84,    341744.0,      341744.0,     341744,     341744
GPT  ,     1, dropbear     , 2016.72, X11FWD           ,      116.59,        116.59,     116.59,     116.59,    206502.0,      206502.0,     206502,     206502
GPT  ,     1, htslib       , 1.10.2 , bz2              ,       44.86,         44.86,      44.86,      44.86,     55527.0,       55527.0,      55527,      55527
GPT  ,     1, htslib       , 1.10.2 , libcurl          ,      101.20,        101.20,     101.20,     101.20,    269211.0,      269211.0,     269211,     269211
GPT  ,     1, htslib       , 1.11   , bz2              ,       48.17,         48.17,      48.17,      48.17,     59331.0,       59331.0,      59331,      59331
GPT  ,     1, htslib       , 1.11   , libcurl          ,      105.51,        105.51,     105.51,     105.51,    329575.0,      329575.0,     329575,     329575
GPT  ,     1, libjpeg-turbo, 2.1.4  , arith_enc        ,       96.89,         96.89,      96.89,      96.89,    121361.0,      121361.0,     121361,     121361
GPT  ,     1, libjpeg-turbo, 2.1.4  , simd             ,      206.06,        206.06,     206.06,     206.06,    413537.0,      413537.0,     413537,     413537
GPT  ,     1, libjpeg-turbo, 2.1.5  , arith_enc        ,       82.19,         82.19,      82.19,      82.19,     80328.0,       80328.0,      80328,      80328
GPT  ,     1, libjpeg-turbo, 2.1.5  , simd             ,      251.34,        251.34,     251.34,     251.34,    594074.0,      594074.0,     594074,     594074
GPT  ,     1, libtiff      , 4.1.0  , defer-strile-load,       54.64,         54.64,      54.64,      54.64,     67946.0,       67946.0,      67946,      67946
GPT  ,     1, libtiff      , 4.1.0  , strip-chopping   ,      115.90,        115.90,     115.90,     115.90,    258139.0,      258139.0,     258139,     258139
GPT  ,     1, libtiff      , 4.2.0  , defer-strile-load,      129.81,        129.81,     129.81,     129.81,    210304.0,      210304.0,     210304,     210304
GPT  ,     1, libtiff      , 4.2.0  , strip-chopping   ,      201.75,        201.75,     201.75,     201.75,    682417.0,      682417.0,     682417,     682417
GPT  ,     1, libwebp      , 1.2.3  , near_lossless    ,       57.46,         57.46,      57.46,      57.46,     93921.0,       93921.0,      93921,      93921
GPT  ,     1, libwebp      , 1.2.3  , threading        ,       66.13,         66.13,      66.13,      66.13,    135181.0,      135181.0,     135181,     135181
GPT  ,     1, libwebp      , 1.2.4  , near_lossless    ,       92.22,         92.22,      92.22,      92.22,    204207.0,      204207.0,     204207,     204207
GPT  ,     1, libwebp      , 1.2.4  , threading        ,       80.15,         80.15,      80.15,      80.15,    160302.0,      160302.0,     160302,     160302
GPT  ,     1, libxml2      , 2.10.3 , http             ,      131.19,        131.19,     131.19,     131.19,    391033.0,      391033.0,     391033,     391033
GPT  ,     1, libxml2      , 2.10.3 , zlib             ,      119.84,        119.84,     119.84,     119.84,    307172.0,      307172.0,     307172,     307172
GPT  ,     1, libxml2      , 2.9.14 , http             ,      183.79,        183.79,     183.79,     183.79,    589795.0,      589795.0,     589795,     589795
GPT  ,     1, libxml2      , 2.9.14 , zlib             ,      128.03,        128.03,     128.03,     128.03,    385636.0,      385636.0,     385636,     385636
GPT  ,     1, mbedtls      , 2.6.0  , PKCS1_V21        ,       72.08,         72.08,      72.08,      72.08,     94028.0,       94028.0,      94028,      94028
GPT  ,     1, mbedtls      , 2.6.0  , SHA256_SMALLER   ,       50.30,         50.30,      50.30,      50.30,     53916.0,       53916.0,      53916,      53916
GPT  ,     1, mbedtls      , 2.7.0  , PKCS1_V21        ,       78.56,         78.56,      78.56,      78.56,    101513.0,      101513.0,     101513,     101513
GPT  ,     1, mbedtls      , 2.7.0  , SHA256_SMALLER   ,       50.02,         50.02,      50.02,      50.02,     34521.0,       34521.0,      34521,      34521
GPT  ,     1, nginx        , 1.18.0 , http_realip      ,       61.15,         61.15,      61.15,      61.15,     74498.0,       74498.0,      74498,      74498
GPT  ,     1, nginx        , 1.18.0 , http_v2          ,      109.71,        109.71,     109.71,     109.71,    112996.0,      112996.0,     112996,     112996
GPT  ,     1, nginx        , 1.19.10, http_realip      ,       95.55,         95.55,      95.55,      95.55,    191263.0,      191263.0,     191263,     191263
GPT  ,     1, nginx        , 1.19.10, http_v2          ,      182.11,        182.11,     182.11,     182.11,    424515.0,      424515.0,     424515,     424515
GPT  ,     1, openssl      , 1.0.1f , asm              ,      195.22,        195.22,     195.22,     195.22,    728894.0,      728894.0,     728894,     728894
GPT  ,     1, openssl      , 1.0.1f , heartbeats       ,      161.57,        161.57,     161.57,     161.57,    381587.0,      381587.0,     381587,     381587
GPT  ,     1, openssl      , 1.0.1g , asm              ,      184.83,        184.83,     184.83,     184.83,   1200632.0,     1200632.0,    1200632,    1200632
GPT  ,     1, openssl      , 1.0.1g , heartbeats       ,      138.85,        138.85,     138.85,     138.85,    323439.0,      323439.0,     323439,     323439
GPT  ,     1, pcre2        , 10.39  , jit              ,      163.23,        163.23,     163.23,     163.23,    482865.0,      482865.0,     482865,     482865
GPT  ,     1, pcre2        , 10.39  , unicode          ,      160.92,        160.92,     160.92,     160.92,    488607.0,      488607.0,     488607,     488607
GPT  ,     1, pcre2        , 10.40  , jit              ,      194.41,        194.41,     194.41,     194.41,    556396.0,      556396.0,     556396,     556396
GPT  ,     1, pcre2        , 10.40  , unicode          ,      216.06,        216.06,     216.06,     216.06,    646113.0,      646113.0,     646113,     646113
GPT  ,     1, uclibc-ng    , 1.0.40 , HAS_IPV6         ,      103.45,        103.45,     103.45,     103.45,    227601.0,      227601.0,     227601,     227601
GPT  ,     1, uclibc-ng    , 1.0.40 , HAS_REGEX        ,      127.82,        127.82,     127.82,     127.82,    152732.0,      152732.0,     152732,     152732
GPT  ,     1, uclibc-ng    , 1.0.41 , HAS_IPV6         ,       92.65,         92.65,      92.65,      92.65,    186614.0,      186614.0,     186614,     186614
GPT  ,     1, uclibc-ng    , 1.0.41 , HAS_REGEX        ,      131.13,        131.13,     131.13,     131.13,    186315.0,      186315.0,     186315,     186315
GPT  ,     1, wget         , 1.20.3 , digest           ,       49.17,         49.17,      49.17,      49.17,     51136.0,       51136.0,      51136,      51136
GPT  ,     1, wget         , 1.20.3 , ipv6             ,      191.19,        191.19,     191.19,     191.19,    496197.0,      496197.0,     496197,     496197
GPT  ,     1, wget         , 1.21.4 , digest           ,       55.07,         55.07,      55.07,      55.07,     71702.0,       71702.0,      71702,      71702
GPT  ,     1, wget         , 1.21.4 , ipv6             ,      113.78,        113.78,     113.78,     113.78,    233867.0,      233867.0,     233867,     233867
MM   ,     1, busybox      , 1.33.1 , CONFIG_ASH       ,      225.00,        225.00,     225.00,     225.00,    365506.0,      365506.0,     365506,     365506
MM   ,     1, busybox      , 1.33.1 , CONFIG_HUSH      ,      240.00,        240.00,     240.00,     240.00,   1121225.0,     1121225.0,    1121225,    1121225
MM   ,     1, busybox      , 1.34.1 , CONFIG_ASH       ,      228.00,        228.00,     228.00,     228.00,    785120.0,      785120.0,     785120,     785120
MM   ,     1, busybox      , 1.34.1 , CONFIG_HUSH      ,      235.00,        235.00,     235.00,     235.00,    586775.0,      586775.0,     586775,     586775
MM   ,     1, curl         , 7.73.0 , dict             ,      169.00,        169.00,     169.00,     169.00,    277286.0,      277286.0,     277286,     277286
MM   ,     1, curl         , 7.73.0 , telnet           ,      178.00,        178.00,     178.00,     178.00,    326376.0,      326376.0,     326376,     326376
MM   ,     1, curl         , 7.74.0 , dict             ,      167.00,        167.00,     167.00,     167.00,    405504.0,      405504.0,     405504,     405504
MM   ,     1, curl         , 7.74.0 , telnet           ,      147.00,        147.00,     147.00,     147.00,    262187.0,      262187.0,     262187,     262187
MM   ,     1, dnsmasq      , 2.82   , HAVE_LOOP        ,      196.00,        196.00,     196.00,     196.00,    346823.0,      346823.0,     346823,     346823
MM   ,     1, dnsmasq      , 2.82   , HAVE_TFTP        ,       89.00,         89.00,      89.00,      89.00,     50995.0,       50995.0,      50995,      50995
MM   ,     1, dnsmasq      , 2.83   , HAVE_LOOP        ,       55.00,         55.00,      55.00,      55.00,     73922.0,       73922.0,      73922,      73922
MM   ,     1, dnsmasq      , 2.83   , HAVE_TFTP        ,      103.00,        103.00,     103.00,     103.00,    171990.0,      171990.0,     171990,     171990
MM   ,     1, dropbear     , 2015.71, FORWARD_TUNNEL   ,      302.00,        302.00,     302.00,     302.00,    746868.0,      746868.0,     746868,     746868
MM   ,     1, dropbear     , 2015.71, X11FWD           ,      137.00,        137.00,     137.00,     137.00,    204509.0,      204509.0,     204509,     204509
MM   ,     1, dropbear     , 2016.72, FORWARD_TUNNEL   ,      362.00,        362.00,     362.00,     362.00,    577509.0,      577509.0,     577509,     577509
MM   ,     1, dropbear     , 2016.72, X11FWD           ,      125.00,        125.00,     125.00,     125.00,    474910.0,      474910.0,     474910,     474910
MM   ,     1, htslib       , 1.10.2 , bz2              ,      160.00,        160.00,     160.00,     160.00,    310203.0,      310203.0,     310203,     310203
MM   ,     1, htslib       , 1.10.2 , libcurl          ,      129.00,        129.00,     129.00,     129.00,    219257.0,      219257.0,     219257,     219257
MM   ,     1, htslib       , 1.11   , bz2              ,      179.00,        179.00,     179.00,     179.00,    342023.0,      342023.0,     342023,     342023
MM   ,     1, htslib       , 1.11   , libcurl          ,      107.00,        107.00,     107.00,     107.00,    130545.0,      130545.0,     130545,     130545
MM   ,     1, libjpeg-turbo, 2.1.4  , arith_enc        ,      153.00,        153.00,     153.00,     153.00,    137893.0,      137893.0,     137893,     137893
MM   ,     1, libjpeg-turbo, 2.1.4  , simd             ,      119.00,        119.00,     119.00,     119.00,    132715.0,      132715.0,     132715,     132715
MM   ,     1, libjpeg-turbo, 2.1.5  , arith_enc        ,      142.00,        142.00,     142.00,     142.00,    189337.0,      189337.0,     189337,     189337
MM   ,     1, libjpeg-turbo, 2.1.5  , simd             ,      159.00,        159.00,     159.00,     159.00,    350502.0,      350502.0,     350502,     350502
MM   ,     1, libtiff      , 4.1.0  , defer-strile-load,      210.00,        210.00,     210.00,     210.00,    384299.0,      384299.0,     384299,     384299
MM   ,     1, libtiff      , 4.1.0  , strip-chopping   ,      128.00,        128.00,     128.00,     128.00,    149797.0,      149797.0,     149797,     149797
MM   ,     1, libtiff      , 4.2.0  , defer-strile-load,      204.00,        204.00,     204.00,     204.00,    341710.0,      341710.0,     341710,     341710
MM   ,     1, libtiff      , 4.2.0  , strip-chopping   ,      216.00,        216.00,     216.00,     216.00,    299121.0,      299121.0,     299121,     299121
MM   ,     1, libwebp      , 1.2.3  , near_lossless    ,       81.00,         81.00,      81.00,      81.00,     63205.0,       63205.0,      63205,      63205
MM   ,     1, libwebp      , 1.2.3  , threading        ,      133.00,        133.00,     133.00,     133.00,    189410.0,      189410.0,     189410,     189410
MM   ,     1, libwebp      , 1.2.4  , near_lossless    ,       84.00,         84.00,      84.00,      84.00,     80696.0,       80696.0,      80696,      80696
MM   ,     1, libwebp      , 1.2.4  , threading        ,      170.00,        170.00,     170.00,     170.00,    537774.0,      537774.0,     537774,     537774
MM   ,     1, libxml2      , 2.10.3 , http             ,      232.00,        232.00,     232.00,     232.00,    421601.0,      421601.0,     421601,     421601
MM   ,     1, libxml2      , 2.10.3 , zlib             ,      372.00,        372.00,     372.00,     372.00,    916614.0,      916614.0,     916614,     916614
MM   ,     1, libxml2      , 2.9.14 , http             ,      161.00,        161.00,     161.00,     161.00,    317839.0,      317839.0,     317839,     317839
MM   ,     1, libxml2      , 2.9.14 , zlib             ,      341.00,        341.00,     341.00,     341.00,   1660466.0,     1660466.0,    1660466,    1660466
MM   ,     1, mbedtls      , 2.6.0  , PKCS1_V21        ,       60.00,         60.00,      60.00,      60.00,     41245.0,       41245.0,      41245,      41245
MM   ,     1, mbedtls      , 2.6.0  , SHA256_SMALLER   ,       46.00,         46.00,      46.00,      46.00,     31401.0,       31401.0,      31401,      31401
MM   ,     1, mbedtls      , 2.7.0  , PKCS1_V21        ,       68.00,         68.00,      68.00,      68.00,     40132.0,       40132.0,      40132,      40132
MM   ,     1, mbedtls      , 2.7.0  , SHA256_SMALLER   ,       50.00,         50.00,      50.00,      50.00,     31639.0,       31639.0,      31639,      31639
MM   ,     1, nginx        , 1.18.0 , http_realip      ,      152.00,        152.00,     152.00,     152.00,    159786.0,      159786.0,     159786,     159786
MM   ,     1, nginx        , 1.18.0 , http_v2          ,      273.00,        273.00,     273.00,     273.00,    314290.0,      314290.0,     314290,     314290
MM   ,     1, nginx        , 1.19.10, http_realip      ,      154.00,        154.00,     154.00,     154.00,    427947.0,      427947.0,     427947,     427947
MM   ,     1, nginx        , 1.19.10, http_v2          ,      191.00,        191.00,     191.00,     191.00,    247540.0,      247540.0,     247540,     247540
MM   ,     1, openssl      , 1.0.1f , asm              ,      565.00,        565.00,     565.00,     565.00,   2774136.0,     2774136.0,    2774136,    2774136
MM   ,     1, openssl      , 1.0.1f , heartbeats       ,      235.00,        235.00,     235.00,     235.00,    434784.0,      434784.0,     434784,     434784
MM   ,     1, openssl      , 1.0.1g , asm              ,      369.00,        369.00,     369.00,     369.00,   2644478.0,     2644478.0,    2644478,    2644478
MM   ,     1, openssl      , 1.0.1g , heartbeats       ,      236.00,        236.00,     236.00,     236.00,    289850.0,      289850.0,     289850,     289850
MM   ,     1, pcre2        , 10.39  , jit              ,      250.00,        250.00,     250.00,     250.00,    897297.0,      897297.0,     897297,     897297
MM   ,     1, pcre2        , 10.39  , unicode          ,      373.00,        373.00,     373.00,     373.00,   1091392.0,     1091392.0,    1091392,    1091392
MM   ,     1, pcre2        , 10.40  , jit              ,      297.00,        297.00,     297.00,     297.00,    763896.0,      763896.0,     763896,     763896
MM   ,     1, pcre2        , 10.40  , unicode          ,      499.00,        499.00,     499.00,     499.00,   1482014.0,     1482014.0,    1482014,    1482014
MM   ,     1, uclibc-ng    , 1.0.40 , HAS_IPV6         ,      132.00,        132.00,     132.00,     132.00,    117566.0,      117566.0,     117566,     117566
MM   ,     1, uclibc-ng    , 1.0.40 , HAS_REGEX        ,      212.00,        212.00,     212.00,     212.00,    694615.0,      694615.0,     694615,     694615
MM   ,     1, uclibc-ng    , 1.0.41 , HAS_IPV6         ,      109.00,        109.00,     109.00,     109.00,    101887.0,      101887.0,     101887,     101887
MM   ,     1, uclibc-ng    , 1.0.41 , HAS_REGEX        ,      239.00,        239.00,     239.00,     239.00,    498476.0,      498476.0,     498476,     498476
MM   ,     1, wget         , 1.20.3 , digest           ,       56.00,         56.00,      56.00,      56.00,     45755.0,       45755.0,      45755,      45755
MM   ,     1, wget         , 1.20.3 , ipv6             ,      171.00,        171.00,     171.00,     171.00,    189495.0,      189495.0,     189495,     189495
MM   ,     1, wget         , 1.21.4 , digest           ,       66.00,         66.00,      66.00,      66.00,     84511.0,       84511.0,      84511,      84511
MM   ,     1, wget         , 1.21.4 , ipv6             ,      267.00,        267.00,     267.00,     267.00,    691394.0,      691394.0,     691394,     691394
DS   ,     2, busybox      , 1.33.1 , CONFIG_ASH       ,       30.81,         26.00,      17.00,      62.00,     67170.0,       54338.0,      35876,     158260
DS   ,     2, busybox      , 1.33.1 , CONFIG_HUSH      ,       38.88,         35.00,      18.00,      71.00,    133241.1,       98846.5,      51533,     321621
DS   ,     2, curl         , 7.73.0 , dict             ,       37.84,         34.50,      20.00,      74.00,     92908.8,       76937.5,      36082,     362455
DS   ,     2, curl         , 7.73.0 , telnet           ,       56.00,         44.00,      25.00,     144.00,    196829.5,      143707.0,      56203,     727476
DS   ,     2, dnsmasq      , 2.82   , HAVE_LOOP        ,       64.47,         59.00,      41.00,     118.00,    221161.1,      186128.5,      93430,     608111
DS   ,     2, dnsmasq      , 2.82   , HAVE_TFTP        ,       50.62,         45.50,      36.00,      90.00,    188662.6,      149986.0,     116827,     505661
DS   ,     2, dropbear     , 2015.71, FORWARD_TUNNEL   ,       56.28,         54.00,      25.00,     119.00,    103388.1,      100948.0,      41546,     160973
DS   ,     2, dropbear     , 2015.71, X11FWD           ,       40.88,         36.50,      24.00,      75.00,     92222.2,       82891.5,      46076,     189419
DS   ,     2, htslib       , 1.10.2 , bz2              ,       31.78,         31.50,      19.00,      46.00,     47121.3,       41624.5,      28905,      95763
DS   ,     2, htslib       , 1.10.2 , libcurl          ,       43.56,         43.00,      19.00,      76.00,     96587.2,       72694.5,      36957,     228255
DS   ,     2, libjpeg-turbo, 2.1.4  , arith_enc        ,       47.50,         44.50,      31.00,      86.00,    113430.2,      104143.0,      76696,     210573
DS   ,     2, libjpeg-turbo, 2.1.4  , simd             ,       30.09,         30.50,      17.00,      54.00,     43944.0,       42143.0,      31371,      66001
DS   ,     2, libtiff      , 4.1.0  , defer-strile-load,      107.56,        101.00,      53.00,     199.00,    352279.0,      329958.5,     154530,     735354
DS   ,     2, libtiff      , 4.1.0  , strip-chopping   ,       92.25,         89.00,      47.00,     183.00,    297860.4,      212193.0,      84805,     644722
DS   ,     2, libwebp      , 1.2.3  , near_lossless    ,       37.94,         33.00,      19.00,     111.00,     46183.5,       43443.5,      33461,      83443
DS   ,     2, libwebp      , 1.2.3  , threading        ,       26.00,         22.00,      18.00,      46.00,     35789.7,       33666.0,      31242,      43753
DS   ,     2, libxml2      , 2.9.14 , http             ,       43.19,         41.00,      22.00,      75.00,     98334.0,       65121.0,      37640,     222682
DS   ,     2, libxml2      , 2.9.14 , zlib             ,       48.88,         51.00,      23.00,      68.00,    146992.4,      148435.0,      60522,     223810
DS   ,     2, mbedtls      , 2.6.0  , PKCS1_V21        ,       43.88,         41.50,      29.00,      68.00,     52486.6,       48669.0,      37877,      95748
DS   ,     2, mbedtls      , 2.6.0  , SHA256_SMALLER   ,       32.31,         25.00,      12.00,      96.00,     34880.1,       24096.0,      18217,      99461
DS   ,     2, nginx        , 1.18.0 , http_realip      ,       43.75,         44.00,      23.00,      86.00,     55473.2,       57186.5,      34431,      67429
DS   ,     2, nginx        , 1.18.0 , http_v2          ,       45.75,         44.50,      28.00,      70.00,    155368.8,      155414.0,      79855,     221000
DS   ,     2, openssl      , 1.0.1f , asm              ,       57.38,         54.00,      29.00,     116.00,    115537.9,       89406.0,      46158,     361589
DS   ,     2, openssl      , 1.0.1f , heartbeats       ,      113.59,        109.50,      49.00,     173.00,    523189.9,      487414.5,     135498,     888766
DS   ,     2, pcre2        , 10.39  , jit              ,       60.00,         54.50,      22.00,     142.00,    127608.2,       88622.0,      34808,     394422
DS   ,     2, pcre2        , 10.39  , unicode          ,      124.97,        120.50,      51.00,     204.00,    566204.0,      503496.0,     107069,    1372770
DS   ,     2, uclibc-ng    , 1.0.40 , HAS_IPV6         ,       55.78,         54.50,      37.00,      90.00,    133117.4,      131957.0,      69575,     207530
DS   ,     2, uclibc-ng    , 1.0.40 , HAS_REGEX        ,       28.66,         25.50,      17.00,      49.00,     49683.0,       44909.5,      32574,      85964
DS   ,     2, wget         , 1.20.3 , digest           ,       71.50,         63.50,      22.00,     131.00,    115193.6,      115345.0,      37625,     170934
DS   ,     2, wget         , 1.20.3 , ipv6             ,       81.66,         81.50,      36.00,     116.00,    292374.0,      268882.5,      96446,     686932
GLM  ,     2, busybox      , 1.33.1 , CONFIG_ASH       ,       42.78,         41.50,      28.00,      69.00,     57284.6,       44362.0,      37108,     162292
GLM  ,     2, busybox      , 1.33.1 , CONFIG_HUSH      ,       46.56,         46.00,      25.00,      76.00,     82853.6,       69282.5,      56692,     180449
GLM  ,     2, curl         , 7.73.0 , dict             ,       37.12,         34.50,      18.00,      59.00,     33200.9,       34019.5,      18007,      48174
GLM  ,     2, curl         , 7.73.0 , telnet           ,       54.72,         52.00,      30.00,     104.00,     95230.0,       89052.0,      26948,     242692
GLM  ,     2, dnsmasq      , 2.82   , HAVE_LOOP        ,       67.16,         63.00,      36.00,     135.00,    158273.4,      148350.5,      33159,     477732
GLM  ,     2, dnsmasq      , 2.82   , HAVE_TFTP        ,       26.88,         20.50,      15.00,      66.00,     33663.2,       22698.5,      13402,     105649
GLM  ,     2, dropbear     , 2015.71, FORWARD_TUNNEL   ,       49.19,         50.00,      30.00,      74.00,     76845.2,       80086.5,      41751,     130385
GLM  ,     2, dropbear     , 2015.71, X11FWD           ,       44.16,         45.00,      28.00,      60.00,     73936.1,       62566.5,      33816,     136555
GLM  ,     2, htslib       , 1.10.2 , bz2              ,       44.50,         43.00,      14.00,      86.00,     77071.2,       66405.0,       9627,     225646
GLM  ,     2, htslib       , 1.10.2 , libcurl          ,       38.72,         35.00,      22.00,      74.00,     59195.1,       49713.0,      19266,     150611
GLM  ,     2, libjpeg-turbo, 2.1.4  , arith_enc        ,       42.06,         40.50,      26.00,      83.00,     68415.5,       65690.0,      26511,     208709
GLM  ,     2, libjpeg-turbo, 2.1.4  , simd             ,       38.38,         36.00,      27.00,      62.00,     42873.2,       39920.0,      30137,      91447
GLM  ,     2, libtiff      , 4.1.0  , defer-strile-load,      107.81,         92.00,      43.00,     245.00,    264825.4,      212459.5,      95246,     600160
GLM  ,     2, libtiff      , 4.1.0  , strip-chopping   ,       78.16,         79.00,      57.00,     106.00,    251081.2,      257482.0,     119915,     445976
GLM  ,     2, libwebp      , 1.2.3  , near_lossless    ,       38.81,         39.00,      29.00,      55.00,     37671.8,       36076.0,      26746,      64222
GLM  ,     2, libwebp      , 1.2.3  , threading        ,       31.03,         31.00,      22.00,      47.00,     34303.4,       32738.5,      15836,      65575
GLM  ,     2, libxml2      , 2.9.14 , http             ,       29.94,         29.00,      18.00,      42.00,     36494.8,       35666.0,      19873,      73408
GLM  ,     2, libxml2      , 2.9.14 , zlib             ,       44.31,         44.50,      26.00,      67.00,     97084.6,      106675.0,      33848,     158161
GLM  ,     2, mbedtls      , 2.6.0  , PKCS1_V21        ,       33.66,         33.00,      25.00,      60.00,     40205.0,       32964.0,      26998,      94779
GLM  ,     2, mbedtls      , 2.6.0  , SHA256_SMALLER   ,       23.75,         23.50,      16.00,      36.00,     20995.8,       17816.5,       9475,      41110
GLM  ,     2, nginx        , 1.18.0 , http_realip      ,       36.25,         35.00,      28.00,      54.00,     41989.9,       43759.0,      29642,      51753
GLM  ,     2, nginx        , 1.18.0 , http_v2          ,       38.69,         37.00,      26.00,      57.00,     92830.7,       89267.5,      52993,     143496
GLM  ,     2, openssl      , 1.0.1f , asm              ,       40.50,         40.00,      31.00,      61.00,     67195.3,       58929.0,      29966,     168290
GLM  ,     2, openssl      , 1.0.1f , heartbeats       ,       75.94,         79.50,      20.00,     108.00,    301044.8,      295271.5,      24565,     571131
GLM  ,     2, pcre2        , 10.39  , jit              ,       43.62,         40.00,      29.00,      74.00,     82150.3,       63808.5,      29622,     198010
GLM  ,     2, pcre2        , 10.39  , unicode          ,      110.72,         91.00,      36.00,     334.00,    754466.3,      364366.0,      64774,    4248693
GLM  ,     2, uclibc-ng    , 1.0.40 , HAS_IPV6         ,       40.50,         41.00,      28.00,      59.00,     76088.3,       69117.0,      25230,     136604
GLM  ,     2, uclibc-ng    , 1.0.40 , HAS_REGEX        ,       32.91,         33.50,      26.00,      48.00,     45991.3,       52207.0,      26793,      69644
GLM  ,     2, wget         , 1.20.3 , digest           ,       45.94,         45.00,      39.00,      53.00,     96659.6,       94577.5,      66849,     126283
GLM  ,     2, wget         , 1.20.3 , ipv6             ,       64.06,         56.50,      36.00,     130.00,    199220.2,      158278.5,      64337,     719276
GPT  ,     2, busybox      , 1.33.1 , CONFIG_ASH       ,       29.31,         27.00,      20.00,      49.00,     49344.0,       36949.5,      30217,     156476
GPT  ,     2, busybox      , 1.33.1 , CONFIG_HUSH      ,       29.41,         28.50,      15.00,      48.00,     64582.4,       55327.0,      32524,     105330
GPT  ,     2, curl         , 7.73.0 , dict             ,       34.94,         34.50,      16.00,      58.00,     51917.4,       49131.5,      25739,      86522
GPT  ,     2, curl         , 7.73.0 , telnet           ,       58.62,         52.50,      14.00,     143.00,    151730.0,      115894.0,      18406,     369028
GPT  ,     2, dnsmasq      , 2.82   , HAVE_LOOP        ,       43.84,         54.50,      12.00,      88.00,    107593.2,      125679.0,      17255,     322816
GPT  ,     2, dnsmasq      , 2.82   , HAVE_TFTP        ,       15.00,         14.50,      11.00,      20.00,     19217.8,       18248.5,      12364,      23972
GPT  ,     2, dropbear     , 2015.71, FORWARD_TUNNEL   ,       39.56,         38.50,      24.00,      54.00,     77291.8,       73783.0,      36619,     115443
GPT  ,     2, dropbear     , 2015.71, X11FWD           ,       38.75,         38.00,      22.00,      65.00,     62373.4,       57015.5,      33997,     118335
GPT  ,     2, htslib       , 1.10.2 , bz2              ,       26.72,         25.50,       8.00,      54.00,     25281.0,       24020.0,       7978,      62208
GPT  ,     2, htslib       , 1.10.2 , libcurl          ,       34.31,         30.00,      15.00,      86.00,     66156.3,       42490.5,      19759,     264712
GPT  ,     2, libjpeg-turbo, 2.1.4  , arith_enc        ,       39.81,         40.00,      10.00,      73.00,     65111.8,       62897.5,      12598,     125308
GPT  ,     2, libjpeg-turbo, 2.1.4  , simd             ,       25.91,         25.50,       9.00,      59.00,     24730.8,       26278.5,      11064,      30696
GPT  ,     2, libtiff      , 4.1.0  , defer-strile-load,       34.81,         27.50,      12.00,      81.00,     63138.6,       39225.5,      16918,     206828
GPT  ,     2, libtiff      , 4.1.0  , strip-chopping   ,       84.25,         84.50,      49.00,     151.00,    283926.2,      268832.5,     146951,     445141
GPT  ,     2, libwebp      , 1.2.3  , near_lossless    ,       30.84,         30.50,      19.00,      42.00,     28613.0,       26759.5,      22642,      43438
GPT  ,     2, libwebp      , 1.2.3  , threading        ,       23.78,         25.00,       9.00,      37.00,     25028.5,       24895.5,       7135,      38626
GPT  ,     2, libxml2      , 2.9.14 , http             ,       33.91,         34.00,      24.00,      48.00,     63966.8,       63583.5,      34126,     116805
GPT  ,     2, libxml2      , 2.9.14 , zlib             ,       37.12,         34.00,      16.00,      67.00,     81103.1,       79715.0,      27846,     173095
GPT  ,     2, mbedtls      , 2.6.0  , PKCS1_V21        ,       24.66,         22.50,       8.00,      66.00,     21248.8,       21701.5,       7708,      41529
GPT  ,     2, mbedtls      , 2.6.0  , SHA256_SMALLER   ,       16.56,         13.50,       8.00,      44.00,     18955.2,       14113.5,       8119,      53936
GPT  ,     2, nginx        , 1.18.0 , http_realip      ,       33.75,         33.50,      28.00,      44.00,     36668.6,       36862.5,      29940,      43712
GPT  ,     2, nginx        , 1.18.0 , http_v2          ,       28.94,         25.50,      10.00,      59.00,     60495.1,       44036.5,      22042,     128320
GPT  ,     2, openssl      , 1.0.1f , asm              ,       53.03,         48.00,      25.00,     110.00,     95225.3,       82370.5,      37564,     193508
GPT  ,     2, openssl      , 1.0.1f , heartbeats       ,       60.91,         59.00,      13.00,     105.00,    215803.7,      171392.5,      22798,     575447
GPT  ,     2, pcre2        , 10.39  , jit              ,       55.53,         49.50,      25.00,     110.00,    111813.7,       66291.0,      24586,     376489
GPT  ,     2, pcre2        , 10.39  , unicode          ,       68.09,         61.50,      27.00,     140.00,    199385.5,      149253.0,      31963,     523772
GPT  ,     2, uclibc-ng    , 1.0.40 , HAS_IPV6         ,       18.72,         18.50,       6.00,      45.00,     20333.6,       17931.0,       8344,      49501
GPT  ,     2, uclibc-ng    , 1.0.40 , HAS_REGEX        ,       29.25,         28.00,      12.00,      58.00,     36770.7,       38070.5,      10769,      77696
GPT  ,     2, wget         , 1.20.3 , digest           ,       45.31,         48.00,      26.00,      72.00,     74061.4,       84745.5,      33120,     109340
GPT  ,     2, wget         , 1.20.3 , ipv6             ,       71.12,         70.50,      26.00,     135.00,    220078.0,      221997.5,      48784,     590443
MM   ,     2, busybox      , 1.33.1 , CONFIG_ASH       ,       48.50,         27.50,      15.00,     316.00,     93912.9,       53629.5,      40496,     619742
MM   ,     2, busybox      , 1.33.1 , CONFIG_HUSH      ,       50.56,         33.00,      15.00,     343.00,     97513.8,       79427.5,      45734,     253134
MM   ,     2, curl         , 7.73.0 , dict             ,       38.84,         30.50,      12.00,      99.00,     67299.1,       50499.5,      20677,     345693
MM   ,     2, curl         , 7.73.0 , telnet           ,      117.06,         73.50,      31.00,     473.00,    586160.7,      296836.5,      86659,    3149444
MM   ,     2, dnsmasq      , 2.82   , HAVE_LOOP        ,       94.00,         90.00,      12.00,     186.00,    382123.9,      346068.0,      20606,    1165846
MM   ,     2, dnsmasq      , 2.82   , HAVE_TFTP        ,       84.94,         52.00,       7.00,     299.00,    533755.3,      158189.0,      15397,    4481623
MM   ,     2, dropbear     , 2015.71, FORWARD_TUNNEL   ,       46.88,         42.00,      16.00,     110.00,    101986.8,       95722.5,      37558,     192042
MM   ,     2, dropbear     , 2015.71, X11FWD           ,       52.88,         35.00,      17.00,     328.00,     98025.6,       96200.5,      33675,     269489
MM   ,     2, htslib       , 1.10.2 , bz2              ,       65.97,         43.50,       6.00,     312.00,     89296.4,       72650.5,      10504,     281798
MM   ,     2, htslib       , 1.10.2 , libcurl          ,       50.75,         44.00,      16.00,     158.00,    125086.8,       81841.0,      32698,     279746
MM   ,     2, libjpeg-turbo, 2.1.4  , arith_enc        ,       53.66,         41.00,      10.00,     356.00,     94070.2,       87602.5,      21814,     212897
MM   ,     2, libjpeg-turbo, 2.1.4  , simd             ,       37.62,         26.00,      15.00,     113.00,     52573.4,       50426.0,      33657,     104630
MM   ,     2, libtiff      , 4.1.0  , defer-strile-load,      113.75,         97.00,      40.00,     345.00,    385347.9,      321232.0,      79896,     884113
MM   ,     2, libtiff      , 4.1.0  , strip-chopping   ,       93.41,         72.50,      41.00,     326.00,    339929.3,      284774.0,     112072,     893175
MM   ,     2, libwebp      , 1.2.3  , near_lossless    ,       44.69,         24.00,      15.00,     257.00,     40180.5,       36667.5,      25994,      78059
MM   ,     2, libwebp      , 1.2.3  , threading        ,       24.06,         22.00,      10.00,      88.00,     40264.7,       39358.5,      13590,      72530
MM   ,     2, libxml2      , 2.9.14 , http             ,       34.50,         31.00,      15.00,      84.00,     76448.6,       70257.5,      33625,     174674
MM   ,     2, libxml2      , 2.9.14 , zlib             ,       41.44,         34.00,      17.00,     109.00,     99790.5,       67673.5,      42154,     231646
MM   ,     2, mbedtls      , 2.6.0  , PKCS1_V21        ,       32.84,         32.50,      12.00,      66.00,     45793.4,       41267.5,      21924,      82152
MM   ,     2, mbedtls      , 2.6.0  , SHA256_SMALLER   ,       31.88,         15.00,       8.00,     209.00,     28273.8,       20033.5,      15261,      75991
MM   ,     2, nginx        , 1.18.0 , http_realip      ,       42.88,         27.00,      18.00,     236.00,     56270.1,       51753.0,      42408,      90716
MM   ,     2, nginx        , 1.18.0 , http_v2          ,       83.31,         53.00,      20.00,     339.00,    143567.1,      129633.0,      46495,     603916
MM   ,     2, openssl      , 1.0.1f , asm              ,       50.38,         42.50,      28.00,      99.00,    115562.6,       93001.0,      34821,     368715
MM   ,     2, openssl      , 1.0.1f , heartbeats       ,       97.26,         86.00,       2.00,     218.00,    316708.2,      298841.5,          0,     857911
MM   ,     2, pcre2        , 10.39  , jit              ,       58.50,         57.00,      23.00,     122.00,     91064.6,       25731.0,          0,     402359
MM   ,     2, pcre2        , 10.39  , unicode          ,      136.69,        133.50,      51.00,     264.00,    353837.3,      101987.5,          0,    1813124
MM   ,     2, uclibc-ng    , 1.0.40 , HAS_IPV6         ,       51.69,         46.50,      12.00,     117.00,     59206.8,       13655.0,          0,     175789
MM   ,     2, uclibc-ng    , 1.0.40 , HAS_REGEX        ,       47.25,         38.50,      23.00,     125.00,     30902.2,       25630.0,          0,     110089
MM   ,     2, wget         , 1.20.3 , digest           ,       42.75,         35.00,      18.00,     120.00,     46865.7,       18616.0,          0,     134497
MM   ,     2, wget         , 1.20.3 , ipv6             ,      114.74,        100.00,       6.00,     259.00,    383128.3,      404524.5,          0,    1509754
